#elementID	familyID	navisHapID	contigID	captainID	elementBegin	elementEnd	elementLength	strand	boundaryType	emptySiteID	emptyContig	emptyBegin	emptyEnd	emptySeq	upDR	downDR	DRedit	upTIR	downTIR	TIRedit	nestedInside	containNested
ESE00019_s00021	prometheusFam	navis0011-hap0007	ESE00019_contig1	ESE00019_tyr21	5371325	5485282	113958	-	insert	LCP06093_site007	LCP06093_contig1	4947816	4947819	gtac	.	.	.	.	.	.	.	.
ESE00019_s00022	prometheusFam	navis0014-hap0021	ESE00019_contig1	ESE00019_tyr22	7914917	8400596	485680	+	insert	ESE00553_site014	ESE00553_contig19	468247	468250	agta	.	.	.	.	.	.	.	.
ESE00019_s00028	prometheusFam	navis0001-hap0010	ESE00019_contig3	ESE00019_tyr28	4169110	4264713	95604	+	insert	LCP6700_site002	LCP6700_contig2	154685	154685	g	.	.	.	.	.	.	.	.
ESE00019_s00033	enterpriseFam	navis0004-hap0001	ESE00019_contig5	ESE00019_tyr34	506505	612135	105631	-	insert	ESE00125_site007	ESE00125_contig12	505378	505388	ctgttgtatgt	.	.	.	.	.	.	.	.
ESE00019_s00037	galacticaFam	navis0003-hap0011	ESE00019_contig6	ESE00019_tyr37	1247869	1408002	160134	+	insert	ESE01587_site007	ESE01587_contig10	191326	191334	catatgtac	.	.	.	.	.	.	.	.
ESE00090_s00154	prometheusFam	navis0014-hap0024	ESE00090_contig2	ESE00090_tyr157	8868642	8918968	50327	+	insert	ESE00157_site010	ESE00157_contig21	131860	131871	attatgaagtat	.	.	.	.	.	.	.	.
ESE00090_s00155	tardisFam	navis0009-hap0003	ESE00090_contig2	ESE00090_tyr158	8931950	8992966	61017	+	insert	ESE01623_site004	ESE01623_contig20	324877	324890	tccgatatggtgta	.	.	.	.	.	.	.	.
ESE00090_s00157	enterpriseFam	navis0004-hap0013	ESE00090_contig5	ESE00090_tyr160	2285296	2385081	99786	+	insert	ESE00958_site020	ESE00958_contig53	34654	34664	ctgttgtatgt	.	.	.	.	.	.	.	.
ESE00418_s00606	prometheusFam	navis0011-hap0015	ESE00418_contig16	ESE00418_tyr655	1011172	1142006	130835	-	insert	ESE01543_site012	ESE01543_contig17	2812075	2812075	c	.	.	.	.	.	.	.	.
ESE00418_s00607	prometheusFam	navis0011-hap0007	ESE00418_contig16	ESE00418_tyr654	1263347	1377213	113867	-	insert	LMA421_site022	LMA421_contig73	30625	31156	.	.	.	.	.	.	.	.	.
ESE00418_s00610	galacticaFam	navis0002-hap0009	ESE00418_contig16	ESE00418_tyr656	3262711	3376888	114178	-	insert	LCP797_site002	LCP797_contig3	468659	468676	tgatacgtatgtagctgt	.	.	.	.	.	.	.	.
ESE00418_s00613	enterpriseFam	navis0004-hap0025	ESE00418_contig19	ESE00418_tyr661	656481	731964	75484	+	insert	ESE01543_site010	ESE01543_contig17	589574	589584	ctgttgtatgt	.	.	.	.	.	.	.	.
ESE00418_s00614	enterpriseFam	navis0013-hap0001	ESE00418_contig20	ESE00418_tyr662	2240150	2391940	151791	+	insert	ESE00086_site004	ESE00086_contig2	677959	678992	.	.	.	.	.	.	.	ESE00418_s00615	ESE00418_s00615
ESE00418_s00615	enterpriseFam	navis0004-hap0001	ESE00418_contig20	ESE00418_tyr664	2241219	2391940	150722	-	insert	ESE01400_site015	ESE01400_contig49	123722	123769	.	.	.	.	.	.	.	ESE00418_s00614	ESE00418_s00614
ESE00418_s00620	enterpriseFam	navis0004-hap0005	ESE00418_contig34	ESE00418_tyr639	3996696	4446457	449762	+	insert	UBOCC-A-112059_site027	UBOCC-A-112059_contig145	20113	20786	.	.	.	.	.	.	.	.	.
ESE00418_s00621	prometheusFam	navis0010-hap0016	ESE00418_contig34	ESE00418_tyr640	5178880	5252439	73560	+	insert	ESE00154_site001	ESE00154_contig4	431276	431286	tcttatataag	.	.	.	.	.	.	.	.
ESE01543_s01090	galacticaFam	navis0002-hap0002	ESE01543_contig3	ESE01543_tyr1121	623364	644319	20956	-	insert	ESE00418_site011	ESE00418_contig16	1308014	1308442	.	.	.	.	.	.	.	.	.
ESE01543_s01094	enterpriseFam	navis0004-hap0001	ESE01543_contig9	ESE01543_tyr1126	1636187	1755396	119210	+	insert	PN0144_site010	PN0144_contig44	200080	200098	ataacaaaaaaaaaaaaaa	.	.	.	.	.	.	.	.
ESE01543_s01103	galacticaFam	navis0002-hap0009	ESE01543_contig17	ESE01543_tyr1115	8041958	8372790	330833	+	insert	LCP797_site002	LCP797_contig3	468659	468676	tgatacgtatgtagctgt	.	.	.	.	.	.	.	.
ESE01543_s01111	tardisFam	navis0009-hap0030	ESE01543_contig27	ESE01543_tyr1134	145803	234590	88788	+	insert	ESE01670_site013	ESE01670_contig47	115544	115767	.	.	.	.	.	.	.	.	.
LCP05531_s01799	prometheusFam	navis0014-hap0033	LCP05531_contig1	LCP05531_tyr1622	8199526	8890664	691139	+	insert	ESE00019_site017	ESE00019_contig3	2446206	2446218	tagttatattagt	.	.	.	.	.	.	.	.
LCP05531_s01800	galacticaFam	navis0002-hap0009	LCP05531_contig1	LCP05531_tyr1623	9695128	10104639	409512	+	insert	LCP797_site002	LCP797_contig3	468659	468676	tgatacgtatgtagctgt	.	.	.	.	.	.	.	.
LCP05531_s01801	enterpriseFam	navis0013-hap0034	LCP05531_contig1	LCP05531_tyr1626	10929487	11001104	71618	-	insert	ESE00553_site005	ESE00553_contig13	111670	111689	tcagccgtacttaagccaca	.	.	.	.	.	.	.	.
LCP05531_s01802	galacticaFam	navis0003-hap0018	LCP05531_contig1	LCP05531_tyr1625	11405600	11627764	222165	+	insert	UBOCC-A-112050_site009	UBOCC-A-112050_contig27	229296	229302	tatgtaa	.	.	.	.	.	.	.	.
LCP05531_s01807	galacticaFam	navis0002-hap0002	LCP05531_contig2	LCP05531_tyr1633	164425	185672	21248	-	insert	ESE01589_site025	ESE01589_contig84	42702	42703	gg	.	.	.	.	.	.	LCP05531_s01808	.
LCP05531_s01808	prometheusFam	navis0011-hap0007	LCP05531_contig2	LCP05531_tyr1629	119760	255166	135407	-	insert	ESE00019_site021	ESE00019_contig4	1225543	1226086	.	.	.	.	.	.	.	.	LCP05531_s01807
LCP05531_s01818	prometheusFam	navis0001-hap0014	LCP05531_contig4	LCP05531_tyr1640	5866908	5965400	98493	+	insert	ESE01587_site005	ESE01587_contig3	551746	551755	tagtatagtt	.	.	.	.	.	.	.	.
LCP06093_s01874	galacticaFam	navis0003-hap0011	LCP06093_contig3	LCP06093_tyr1654	671840	831457	159618	-	insert	ESE00137_site012	ESE00137_contig23	302265	302273	catatgtac	.	.	.	.	.	.	.	.
LCP06093_s01880	hephaestusFam	navis0016-hap0035	LCP06093_contig7	LCP06093_tyr1660	621255	689401	68147	-	insert	ESE01527_site001	ESE01527_contig1	1333347	1333353	tattaca	.	.	.	.	.	.	.	.
LCP06093_s01882	galacticaFam	navis0003-hap0018	LCP06093_contig11	LCP06093_tyr1662	43328	308637	265310	-	insert	ESE00090_site021	ESE00090_contig4	1206564	1206725	.	.	.	.	.	.	.	.	.
